{"cameraMode":{"drawMode":0,"name":"Shaded","section":"Shading Mode"},"sceneLighting":true,"audioPlay":false,"sceneViewState":{"m_AlwaysRefresh":false,"showFog":true,"showSkybox":true,"showFlares":true,"showImageEffects":true,"showParticleSystems":true,"showVisualEffectGraphs":true,"m_FxEnabled":true},"in2DMode":false,"pivot":{"x":43.508705139160159,"y":6.354597091674805,"z":41.929779052734378},"rotation":{"x":-0.17720697820186616,"y":0.8162751793861389,"z":-0.32904744148254397,"w":-0.44171321392059328},"size":7.769619464874268,"orthographic":false}