{"cameraMode":{"drawMode":0,"name":"Shaded","section":"Shading Mode"},"sceneLighting":true,"audioPlay":false,"sceneViewState":{"m_AlwaysRefresh":false,"showFog":true,"showSkybox":true,"showFlares":true,"showImageEffects":true,"showParticleSystems":true,"showVisualEffectGraphs":true,"m_FxEnabled":true},"in2DMode":false,"pivot":{"x":-12.40177059173584,"y":-13.910439491271973,"z":0.49337315559387209},"rotation":{"x":-0.1035572960972786,"y":0.4858068823814392,"z":-0.054782357066869739,"w":-0.8669929504394531},"size":3.3016417026519777,"orthographic":false}